type,timestamp,datetime,temperature,humidity,pressure,gas_resistance,odor_class,severity,confidence
reading,1770230183.8219826,2026-02-04T10:36:23.821983,20.23,54.41,1013.93,48781.58,,,
reading,1770230184.8279603,2026-02-04T10:36:24.827960,20.25,51.76,1008.38,50389.23,,,
reading,1770230185.8286586,2026-02-04T10:36:25.828659,21.79,41.68,1014.73,49715.58,,,
reading,1770230186.829921,2026-02-04T10:36:26.829921,23.38,40.11,1016.26,47112.86,,,
reading,1770230187.8309028,2026-02-04T10:36:27.830903,23.61,51.71,1011.23,48471.89,,,
reading,1770230188.831664,2026-02-04T10:36:28.831664,22.28,46.34,1013.37,50475.61,,,
reading,1770230189.832127,2026-02-04T10:36:29.832127,22.06,36.94,1013.13,54815.65,,,
reading,1770230190.8334534,2026-02-04T10:36:30.833453,21.41,53.17,1013.0,45718.6,,,
reading,1770230191.8342848,2026-02-04T10:36:31.834285,20.2,51.89,1015.48,47799.16,,,
reading,1770230192.8350568,2026-02-04T10:36:32.835057,22.02,42.82,1009.84,50385.78,,,
reading,1770230193.8361523,2026-02-04T10:36:33.836152,20.19,54.74,1015.32,53772.67,,,
reading,1770230194.8370204,2026-02-04T10:36:34.837020,21.72,38.29,1013.2,52941.7,,,
reading,1770230195.8382773,2026-02-04T10:36:35.838277,22.58,51.62,1009.32,50735.52,,,
reading,1770230196.8389847,2026-02-04T10:36:36.838985,21.02,37.75,1011.71,46445.97,,,
reading,1770230197.839944,2026-02-04T10:36:37.839944,21.43,43.69,1015.66,54131.66,,,
reading,1770230198.841734,2026-02-04T10:36:38.841734,23.84,43.22,1010.33,51299.17,,,
reading,1770230199.8420482,2026-02-04T10:36:39.842048,23.06,43.82,1010.13,50112.05,,,
reading,1770230200.8435526,2026-02-04T10:36:40.843553,20.78,53.55,1015.76,32473.95,,,
reading,1770230201.8447967,2026-02-04T10:36:41.844797,20.0,50.63,1008.29,45137.31,,,
reading,1770230202.8458633,2026-02-04T10:36:42.845863,22.1,44.74,1010.93,53352.3,,,
reading,1770230203.8475096,2026-02-04T10:36:43.847510,21.01,35.69,1010.34,48919.0,,,
reading,1770230204.8477468,2026-02-04T10:36:44.847747,22.73,54.61,1011.26,46867.0,,,
reading,1770230205.8489642,2026-02-04T10:36:45.848964,22.82,41.19,1016.45,46608.18,,,
reading,1770230206.8499513,2026-02-04T10:36:46.849951,21.67,39.81,1015.33,49353.25,,,
reading,1770230207.851026,2026-02-04T10:36:47.851026,23.89,46.94,1010.94,49166.72,,,
reading,1770230208.8518775,2026-02-04T10:36:48.851877,21.79,41.49,1008.56,49302.07,,,
reading,1770230209.8528826,2026-02-04T10:36:49.852883,22.09,43.87,1014.82,45281.76,,,
reading,1770230210.8539622,2026-02-04T10:36:50.853962,23.89,41.52,1014.03,46299.18,,,
reading,1770230211.855278,2026-02-04T10:36:51.855278,20.02,48.59,1017.49,47092.7,,,
reading,1770230212.8560717,2026-02-04T10:36:52.856072,20.54,44.89,1016.82,48796.26,,,
reading,1770230213.8659894,2026-02-04T10:36:53.865989,23.66,38.34,1018.18,51451.51,,,
reading,1770230214.860838,2026-02-04T10:36:54.860838,23.28,41.89,1014.67,50996.27,,,
reading,1770230215.8615496,2026-02-04T10:36:55.861550,21.22,41.54,1014.16,46492.88,,,
reading,1770230216.8637226,2026-02-04T10:36:56.863723,22.02,36.11,1016.39,46665.89,,,
reading,1770230217.8642066,2026-02-04T10:36:57.864207,23.58,52.68,1013.72,52838.13,,,
reading,1770230218.8641462,2026-02-04T10:36:58.864146,23.17,49.03,1011.16,48391.93,,,
reading,1770230219.865975,2026-02-04T10:36:59.865975,23.27,44.59,1013.37,49897.87,,,
reading,1770230220.8668885,2026-02-04T10:37:00.866889,21.18,37.71,1011.18,53472.8,,,
reading,1770230221.8671124,2026-02-04T10:37:01.867112,23.2,54.74,1017.96,46738.45,,,
reading,1770230222.8681383,2026-02-04T10:37:02.868138,22.4,42.86,1011.02,28688.86,,,
reading,1770230223.8696744,2026-02-04T10:37:03.869674,21.68,48.66,1015.51,53209.58,,,
reading,1770230224.8709958,2026-02-04T10:37:04.870996,20.1,53.3,1014.23,47620.89,,,
reading,1770230225.872499,2026-02-04T10:37:05.872499,22.69,49.7,1015.94,50626.61,,,
reading,1770230226.8737643,2026-02-04T10:37:06.873764,22.1,38.14,1010.37,52256.92,,,
reading,1770230227.8850842,2026-02-04T10:37:07.885084,23.27,38.78,1017.97,54935.63,,,
reading,1770230228.8785162,2026-02-04T10:37:08.878516,20.22,50.01,1015.54,45833.67,,,
reading,1770230229.8795094,2026-02-04T10:37:09.879509,23.12,36.87,1009.23,49374.53,,,
reading,1770230230.8798058,2026-02-04T10:37:10.879806,22.11,50.39,1018.22,38037.06,,,
reading,1770230231.8815823,2026-02-04T10:37:11.881582,23.56,52.39,1016.99,48670.05,,,
reading,1770230232.8823435,2026-02-04T10:37:12.882344,22.0,51.5,1009.43,51790.84,,,
reading,1770230233.8833308,2026-02-04T10:37:13.883331,20.23,39.8,1017.61,46020.88,,,
reading,1770230234.8843277,2026-02-04T10:37:14.884328,20.2,54.91,1014.18,54990.43,,,
reading,1770230235.8858757,2026-02-04T10:37:15.885876,20.41,47.22,1009.83,54200.94,,,
reading,1770230236.8870623,2026-02-04T10:37:16.887062,23.59,38.61,1012.42,51915.46,,,
reading,1770230237.8881478,2026-02-04T10:37:17.888148,22.48,36.27,1009.18,46792.93,,,
reading,1770230238.8894057,2026-02-04T10:37:18.889406,22.81,35.0,1008.86,48475.79,,,
reading,1770230239.891049,2026-02-04T10:37:19.891049,22.77,44.07,1012.55,51221.15,,,
reading,1770230240.8925433,2026-02-04T10:37:20.892543,22.65,37.96,1008.48,45757.79,,,
reading,1770230241.8934684,2026-02-04T10:37:21.893468,23.74,39.63,1017.44,52071.17,,,
reading,1770230242.8945358,2026-02-04T10:37:22.894536,22.54,43.77,1009.05,54099.82,,,
reading,1770230243.8978884,2026-02-04T10:37:23.897888,20.66,47.97,1009.3,48359.69,,,
reading,1770230244.896408,2026-02-04T10:37:24.896408,23.15,39.98,1008.5,47201.52,,,
reading,1770230245.898113,2026-02-04T10:37:25.898113,21.72,39.28,1013.21,52945.53,,,
reading,1770230246.8976827,2026-02-04T10:37:26.897683,20.88,43.45,1015.91,48010.21,,,
reading,1770230247.8976655,2026-02-04T10:37:27.897666,20.63,43.19,1009.34,54085.45,,,
reading,1770230248.8989499,2026-02-04T10:37:28.898950,22.32,35.01,1014.97,47525.33,,,
reading,1770230249.899884,2026-02-04T10:37:29.899884,22.14,42.27,1015.27,45406.41,,,
reading,1770230250.9010756,2026-02-04T10:37:30.901076,23.07,36.91,1016.95,48350.74,,,
reading,1770230251.9018924,2026-02-04T10:37:31.901892,23.71,47.14,1016.12,51325.21,,,
reading,1770230252.902695,2026-02-04T10:37:32.902695,22.86,50.56,1012.54,54510.55,,,
reading,1770230253.9036124,2026-02-04T10:37:33.903612,23.83,46.27,1016.9,51118.75,,,
reading,1770230254.9048572,2026-02-04T10:37:34.904857,20.8,49.03,1008.92,52273.03,,,
reading,1770230255.9055634,2026-02-04T10:37:35.905563,21.76,46.03,1014.57,51808.44,,,
reading,1770230256.906648,2026-02-04T10:37:36.906648,20.68,35.54,1017.37,47013.99,,,
reading,1770230257.9078672,2026-02-04T10:37:37.907867,23.92,45.22,1018.13,39530.3,,,
reading,1770230258.908918,2026-02-04T10:37:38.908918,20.47,35.96,1018.15,54315.49,,,
reading,1770230259.9099617,2026-02-04T10:37:39.909962,22.76,35.05,1015.53,47771.04,,,
reading,1770230260.9107172,2026-02-04T10:37:40.910717,21.3,36.11,1016.71,45248.37,,,
reading,1770230261.9114957,2026-02-04T10:37:41.911496,21.64,52.36,1016.56,47444.13,,,
reading,1770230262.9140375,2026-02-04T10:37:42.914037,22.05,36.98,1013.38,50930.05,,,
reading,1770230263.9143667,2026-02-04T10:37:43.914367,20.81,44.55,1011.33,52073.17,,,
reading,1770230264.9161315,2026-02-04T10:37:44.916131,20.71,52.86,1010.31,53229.93,,,
reading,1770230265.917332,2026-02-04T10:37:45.917332,20.78,45.56,1011.47,46641.89,,,
reading,1770230266.9181955,2026-02-04T10:37:46.918195,23.36,44.46,1014.13,49096.57,,,
reading,1770230267.9194663,2026-02-04T10:37:47.919466,22.35,42.79,1012.32,52053.0,,,
reading,1770230268.9208872,2026-02-04T10:37:48.920887,21.31,41.59,1011.17,51337.68,,,
reading,1770230269.9217935,2026-02-04T10:37:49.921793,20.4,35.14,1008.32,45648.25,,,
reading,1770230270.9231994,2026-02-04T10:37:50.923199,21.77,45.28,1012.99,47908.06,,,
reading,1770230271.9240816,2026-02-04T10:37:51.924082,22.72,38.21,1014.12,49284.13,,,
reading,1770230272.9249172,2026-02-04T10:37:52.924917,22.66,52.62,1009.12,50347.53,,,
reading,1770230273.9261837,2026-02-04T10:37:53.926184,21.48,42.02,1011.39,54400.88,,,
reading,1770230274.9273865,2026-02-04T10:37:54.927387,21.42,46.0,1008.61,54772.08,,,
reading,1770230275.9287798,2026-02-04T10:37:55.928780,21.29,49.95,1009.28,46900.38,,,
reading,1770230276.9305825,2026-02-04T10:37:56.930583,23.38,49.21,1018.09,50805.39,,,
reading,1770230277.9312866,2026-02-04T10:37:57.931287,20.55,42.92,1012.63,51633.19,,,
reading,1770230278.931516,2026-02-04T10:37:58.931516,21.77,45.37,1012.83,53354.99,,,
reading,1770230279.933058,2026-02-04T10:37:59.933058,23.51,37.19,1014.58,49105.68,,,
reading,1770230280.9328196,2026-02-04T10:38:00.932820,20.93,41.03,1011.58,51918.46,,,
reading,1770230281.9339662,2026-02-04T10:38:01.933966,20.95,50.26,1012.57,47962.4,,,
reading,1770230282.9348783,2026-02-04T10:38:02.934878,23.15,39.27,1014.51,48292.55,,,
reading,1770230283.9360776,2026-02-04T10:38:03.936078,22.71,53.2,1009.47,45843.85,,,
reading,1770230284.9373977,2026-02-04T10:38:04.937398,20.09,39.74,1010.42,47307.36,,,
reading,1770230285.9389944,2026-02-04T10:38:05.938994,22.34,44.5,1014.23,54826.87,,,
reading,1770230286.9397788,2026-02-04T10:38:06.939779,20.14,48.92,1015.84,51487.07,,,
reading,1770230287.9419625,2026-02-04T10:38:07.941962,21.44,40.01,1018.23,54848.3,,,
reading,1770230288.9426904,2026-02-04T10:38:08.942690,20.94,37.6,1011.53,51667.66,,,
reading,1770230289.943587,2026-02-04T10:38:09.943587,21.07,54.01,1013.72,47751.1,,,
reading,1770230290.9444234,2026-02-04T10:38:10.944423,22.44,50.11,1014.32,51583.94,,,
reading,1770230291.9452417,2026-02-04T10:38:11.945242,20.51,48.36,1017.43,46517.95,,,
reading,1770230292.9461377,2026-02-04T10:38:12.946138,21.2,46.91,1014.42,48656.13,,,
reading,1770230293.9470525,2026-02-04T10:38:13.947052,21.11,49.22,1011.85,50325.7,,,
reading,1770230294.9494514,2026-02-04T10:38:14.949451,21.44,48.64,1008.87,48415.94,,,
reading,1770230295.9508348,2026-02-04T10:38:15.950835,21.92,36.45,1018.24,47096.77,,,
reading,1770230296.951783,2026-02-04T10:38:16.951783,22.85,49.67,1016.38,45251.95,,,
reading,1770230297.9526381,2026-02-04T10:38:17.952638,23.39,38.54,1015.03,45552.77,,,
reading,1770230298.9533963,2026-02-04T10:38:18.953396,23.81,43.51,1009.8,45074.96,,,
reading,1770230299.955543,2026-02-04T10:38:19.955543,21.28,50.89,1010.52,49874.26,,,
reading,1770230300.9552274,2026-02-04T10:38:20.955227,21.18,49.21,1015.35,54071.36,,,
reading,1770230301.956974,2026-02-04T10:38:21.956974,22.6,40.53,1015.91,47577.03,,,
reading,1770230302.9579933,2026-02-04T10:38:22.957993,22.89,40.99,1013.56,53791.73,,,
reading,1770230303.9585783,2026-02-04T10:38:23.958578,23.53,43.21,1015.65,54175.79,,,
reading,1770230304.9592586,2026-02-04T10:38:24.959259,21.22,35.12,1008.72,50869.46,,,
reading,1770230305.9601374,2026-02-04T10:38:25.960137,23.12,49.24,1011.49,34477.25,,,
reading,1770230306.961447,2026-02-04T10:38:26.961447,22.02,51.77,1013.77,26652.84,,,
reading,1770230307.9624653,2026-02-04T10:38:27.962465,23.41,45.27,1016.98,51366.93,,,
reading,1770230308.9631667,2026-02-04T10:38:28.963167,20.1,39.96,1011.12,51825.33,,,
reading,1770230309.9639397,2026-02-04T10:38:29.963940,21.12,36.4,1014.67,51296.29,,,
reading,1770230310.965843,2026-02-04T10:38:30.965843,21.49,39.59,1012.35,50774.86,,,
reading,1770230311.965731,2026-02-04T10:38:31.965731,20.49,51.34,1011.75,45339.8,,,
reading,1770230312.966863,2026-02-04T10:38:32.966863,22.71,46.58,1012.77,49829.26,,,
reading,1770230313.9676013,2026-02-04T10:38:33.967601,23.67,40.3,1017.79,54799.1,,,
reading,1770230314.9686928,2026-02-04T10:38:34.968693,22.31,36.59,1016.69,48890.67,,,
reading,1770230315.9703283,2026-02-04T10:38:35.970328,23.12,41.14,1009.72,52498.91,,,
reading,1770230316.9711695,2026-02-04T10:38:36.971169,21.39,44.07,1013.32,49690.22,,,
reading,1770230317.9727528,2026-02-04T10:38:37.972753,21.15,52.6,1010.26,45341.8,,,
reading,1770230318.973925,2026-02-04T10:38:38.973925,22.96,42.41,1015.18,49782.5,,,
reading,1770230319.9748933,2026-02-04T10:38:39.974893,21.95,43.51,1017.46,50765.36,,,
reading,1770230320.9772892,2026-02-04T10:38:40.977289,23.27,52.14,1017.49,49933.1,,,
reading,1770230321.9775474,2026-02-04T10:38:41.977547,23.91,50.01,1015.43,50715.87,,,
reading,1770230322.9781897,2026-02-04T10:38:42.978190,22.8,46.54,1010.73,45439.77,,,
reading,1770230323.9801996,2026-02-04T10:38:43.980200,23.61,36.46,1008.38,46661.3,,,
reading,1770230324.9804401,2026-02-04T10:38:44.980440,22.85,38.08,1009.61,48123.1,,,
reading,1770230325.9803667,2026-02-04T10:38:45.980367,20.87,40.63,1015.45,52935.07,,,
reading,1770230326.98217,2026-02-04T10:38:46.982170,23.03,38.21,1010.59,48528.51,,,
reading,1770230327.983267,2026-02-04T10:38:47.983267,21.84,42.48,1016.28,45729.5,,,
reading,1770230328.9842029,2026-02-04T10:38:48.984203,21.33,45.08,1012.22,10399.89,,,
reading,1770230329.9849932,2026-02-04T10:38:49.984993,23.98,48.25,1016.11,54580.59,,,
reading,1770230330.9859185,2026-02-04T10:38:50.985919,21.32,52.68,1013.83,52630.57,,,
reading,1770230331.9865654,2026-02-04T10:38:51.986565,20.87,47.96,1012.41,48724.66,,,
reading,1770230332.9877546,2026-02-04T10:38:52.987755,22.18,49.41,1013.1,51037.57,,,
reading,1770230333.9886916,2026-02-04T10:38:53.988692,23.26,49.36,1012.64,23102.46,,,
reading,1770230334.989733,2026-02-04T10:38:54.989733,21.16,35.74,1013.48,45590.92,,,
reading,1770230335.9908824,2026-02-04T10:38:55.990882,20.98,54.07,1010.42,29946.78,,,
reading,1770230336.991975,2026-02-04T10:38:56.991975,23.5,54.93,1012.52,46803.07,,,
reading,1770230337.993376,2026-02-04T10:38:57.993376,23.61,38.85,1017.46,53205.74,,,
reading,1770230338.9943752,2026-02-04T10:38:58.994375,21.67,50.85,1009.67,52581.34,,,
reading,1770230339.9955306,2026-02-04T10:38:59.995531,22.14,39.73,1018.19,48704.96,,,
reading,1770230340.9963746,2026-02-04T10:39:00.996375,22.17,50.0,1016.74,53378.01,,,
reading,1770230341.996909,2026-02-04T10:39:01.996909,23.27,37.33,1012.45,29056.12,,,
reading,1770230342.9987795,2026-02-04T10:39:02.998780,23.33,42.36,1017.56,46488.14,,,
reading,1770230343.9998517,2026-02-04T10:39:03.999852,22.49,50.3,1015.91,49402.2,,,
reading,1770230345.0011556,2026-02-04T10:39:05.001156,20.84,39.22,1017.32,54759.55,,,
reading,1770230346.002687,2026-02-04T10:39:06.002687,22.71,36.26,1014.46,47281.65,,,
reading,1770230347.0034833,2026-02-04T10:39:07.003483,22.15,45.11,1008.76,47900.11,,,
reading,1770230348.0050035,2026-02-04T10:39:08.005003,23.41,35.59,1010.37,52880.83,,,
reading,1770230349.006143,2026-02-04T10:39:09.006143,21.75,54.89,1013.0,48775.82,,,
reading,1770230350.0073297,2026-02-04T10:39:10.007330,23.74,47.72,1017.26,52442.03,,,
reading,1770230351.0085208,2026-02-04T10:39:11.008521,23.87,39.63,1017.39,51138.47,,,
reading,1770230352.009482,2026-02-04T10:39:12.009482,23.84,44.89,1017.73,49462.06,,,
reading,1770230353.0106509,2026-02-04T10:39:13.010651,22.93,40.86,1011.38,52645.86,,,
reading,1770230354.0121055,2026-02-04T10:39:14.012105,20.5,44.6,1017.41,47327.62,,,
reading,1770230355.0138617,2026-02-04T10:39:15.013862,20.65,48.53,1016.75,34010.38,,,
reading,1770230356.0148244,2026-02-04T10:39:16.014824,23.46,50.79,1011.16,47528.61,,,
reading,1770230357.0151339,2026-02-04T10:39:17.015134,23.22,48.44,1012.95,27832.6,,,
reading,1770230358.0162575,2026-02-04T10:39:18.016258,23.45,49.44,1010.83,51053.18,,,
reading,1770230359.017242,2026-02-04T10:39:19.017242,23.1,43.88,1017.66,53026.69,,,
reading,1770230360.0184238,2026-02-04T10:39:20.018424,22.26,41.56,1010.42,48356.46,,,
reading,1770230361.0200365,2026-02-04T10:39:21.020036,23.15,50.59,1016.46,51256.21,,,
reading,1770230362.0213165,2026-02-04T10:39:22.021317,23.0,38.97,1009.86,50776.28,,,
reading,1770230363.0222,2026-02-04T10:39:23.022200,22.13,50.47,1012.68,54197.34,,,
reading,1770230364.023605,2026-02-04T10:39:24.023605,20.59,51.59,1008.41,53309.13,,,
reading,1770230365.0248902,2026-02-04T10:39:25.024890,21.44,49.28,1012.23,47324.71,,,
reading,1770230366.0259886,2026-02-04T10:39:26.025989,23.67,42.71,1011.3,45482.23,,,
reading,1770230367.0271173,2026-02-04T10:39:27.027117,21.23,53.97,1012.03,54529.13,,,
reading,1770230368.0275958,2026-02-04T10:39:28.027596,21.58,51.76,1016.89,50114.41,,,
reading,1770230369.029322,2026-02-04T10:39:29.029322,23.95,38.77,1016.33,48790.35,,,
reading,1770230370.0310848,2026-02-04T10:39:30.031085,22.66,52.73,1012.92,50438.99,,,
reading,1770230371.0324144,2026-02-04T10:39:31.032414,23.98,49.65,1017.15,48576.19,,,
reading,1770230372.034355,2026-02-04T10:39:32.034355,22.86,50.81,1010.29,46385.7,,,
reading,1770230373.0352507,2026-02-04T10:39:33.035251,22.0,45.26,1017.58,30145.35,,,
reading,1770230374.0367832,2026-02-04T10:39:34.036783,22.83,53.58,1010.03,47140.91,,,
reading,1770230375.0372672,2026-02-04T10:39:35.037267,23.43,38.24,1011.98,49021.89,,,
reading,1770230376.0379863,2026-02-04T10:39:36.037986,20.01,55.0,1011.46,46509.78,,,
reading,1770230377.038915,2026-02-04T10:39:37.038915,20.15,48.08,1014.96,10072.45,,,
reading,1770230378.0398545,2026-02-04T10:39:38.039855,20.86,42.98,1012.17,19081.04,,,
event,1770230378.0398545,2026-02-04T10:39:38.039855,20.86,42.98,,19081.04,FOOD_STRONG,LOW,0.898
reading,1770230379.0413892,2026-02-04T10:39:39.041389,23.64,38.6,1012.44,46365.49,,,
event,1770230379.0413892,2026-02-04T10:39:39.041389,23.64,38.6,,46365.49,FOOD_STRONG,LOW,0.986
reading,1770230380.0413914,2026-02-04T10:39:40.041391,21.54,47.91,1016.94,51905.54,,,
event,1770230380.0413914,2026-02-04T10:39:40.041391,21.54,47.91,,51905.54,FOOD_STRONG,LOW,0.915
reading,1770230381.0427494,2026-02-04T10:39:41.042749,23.33,49.12,1009.34,53123.31,,,
reading,1770230382.0447645,2026-02-04T10:39:42.044765,23.3,51.49,1014.32,52861.95,,,
reading,1770230383.0451825,2026-02-04T10:39:43.045182,20.25,44.44,1010.14,52809.81,,,
reading,1770230384.045596,2026-02-04T10:39:44.045596,20.51,52.1,1017.03,48066.19,,,
reading,1770230385.0476208,2026-02-04T10:39:45.047621,21.56,47.28,1009.88,51723.35,,,
reading,1770230386.0495074,2026-02-04T10:39:46.049507,20.55,48.36,1009.07,46853.58,,,
reading,1770230387.0503926,2026-02-04T10:39:47.050393,21.62,36.54,1008.87,48526.8,,,
reading,1770230388.0519063,2026-02-04T10:39:48.051906,22.54,43.29,1011.58,48019.51,,,
reading,1770230389.0522113,2026-02-04T10:39:49.052211,22.23,39.73,1014.15,50261.3,,,
reading,1770230390.053251,2026-02-04T10:39:50.053251,23.02,41.46,1010.48,46591.62,,,
reading,1770230391.0541418,2026-02-04T10:39:51.054142,22.54,44.25,1016.75,52221.6,,,
reading,1770230392.0551498,2026-02-04T10:39:52.055150,20.5,42.96,1016.29,47607.57,,,
reading,1770230393.0562289,2026-02-04T10:39:53.056229,23.65,40.17,1013.6,53871.95,,,
reading,1770230394.0578203,2026-02-04T10:39:54.057820,23.84,52.09,1012.86,51515.85,,,
reading,1770230395.0587459,2026-02-04T10:39:55.058746,20.97,39.97,1014.63,51585.55,,,
reading,1770230396.0596452,2026-02-04T10:39:56.059645,23.91,51.69,1015.58,48565.82,,,
reading,1770230397.060514,2026-02-04T10:39:57.060514,22.46,51.18,1016.32,52851.43,,,
reading,1770230398.0614038,2026-02-04T10:39:58.061404,22.52,50.46,1011.67,47045.25,,,
reading,1770230399.0628922,2026-02-04T10:39:59.062892,21.13,40.06,1012.63,45362.6,,,
reading,1770230400.0641062,2026-02-04T10:40:00.064106,20.18,48.86,1013.85,47499.68,,,
reading,1770230401.0641708,2026-02-04T10:40:01.064171,22.42,39.6,1009.88,54848.56,,,
reading,1770230402.064849,2026-02-04T10:40:02.064849,23.26,45.5,1018.04,45188.57,,,
reading,1770230403.0655453,2026-02-04T10:40:03.065545,20.79,46.26,1009.88,46045.43,,,
reading,1770230404.0666406,2026-02-04T10:40:04.066641,22.49,53.39,1014.43,48472.35,,,
reading,1770230405.0682602,2026-02-04T10:40:05.068260,22.62,51.46,1016.57,46312.1,,,
reading,1770230406.068664,2026-02-04T10:40:06.068664,21.89,52.42,1012.81,51013.79,,,
reading,1770230407.06998,2026-02-04T10:40:07.069980,21.68,43.71,1010.06,47666.86,,,
reading,1770230408.0710464,2026-02-04T10:40:08.071046,20.4,47.66,1013.4,51640.2,,,
reading,1770230409.0722187,2026-02-04T10:40:09.072219,23.19,46.11,1008.78,52984.12,,,
reading,1770230410.073505,2026-02-04T10:40:10.073505,22.4,48.11,1014.17,46408.53,,,
reading,1770230411.0749066,2026-02-04T10:40:11.074907,21.67,40.35,1008.54,45786.57,,,
reading,1770230412.0773451,2026-02-04T10:40:12.077345,23.45,51.6,1012.21,51724.07,,,
reading,1770230413.0781841,2026-02-04T10:40:13.078184,21.68,39.87,1015.28,50366.72,,,
reading,1770230414.0806594,2026-02-04T10:40:14.080659,20.91,43.47,1013.57,50066.04,,,
reading,1770230415.080446,2026-02-04T10:40:15.080446,21.03,47.95,1017.48,51715.39,,,
reading,1770230416.0811875,2026-02-04T10:40:16.081187,23.84,35.45,1012.74,50820.84,,,
reading,1770230417.0821574,2026-02-04T10:40:17.082157,21.09,38.56,1010.27,53115.31,,,
reading,1770230418.0830715,2026-02-04T10:40:18.083071,20.76,40.58,1013.57,45308.67,,,
reading,1770230419.0842357,2026-02-04T10:40:19.084236,21.59,48.34,1011.62,47729.7,,,
reading,1770230420.0855908,2026-02-04T10:40:20.085591,23.19,48.74,1011.18,48782.75,,,
reading,1770230421.0874438,2026-02-04T10:40:21.087444,22.19,42.2,1017.54,51757.51,,,
reading,1770230422.088384,2026-02-04T10:40:22.088384,21.41,53.52,1015.11,45625.8,,,
reading,1770230423.0894542,2026-02-04T10:40:23.089454,20.14,44.28,1016.07,48116.82,,,
reading,1770230424.0907028,2026-02-04T10:40:24.090703,22.45,51.91,1017.08,46111.56,,,
reading,1770230425.091534,2026-02-04T10:40:25.091534,23.62,51.57,1011.14,47890.5,,,
reading,1770230426.0925715,2026-02-04T10:40:26.092571,21.85,44.1,1016.66,54265.08,,,
reading,1770230427.0940697,2026-02-04T10:40:27.094070,23.85,35.77,1013.16,48364.74,,,
reading,1770230428.0947793,2026-02-04T10:40:28.094779,20.4,49.05,1014.25,20457.59,,,
reading,1770230429.0964878,2026-02-04T10:40:29.096488,21.8,46.02,1015.28,54475.74,,,
reading,1770230430.0972881,2026-02-04T10:40:30.097288,20.07,45.85,1011.08,48624.87,,,
reading,1770230431.0981162,2026-02-04T10:40:31.098116,20.27,50.43,1012.1,39576.18,,,
reading,1770230432.0990186,2026-02-04T10:40:32.099019,21.86,36.6,1008.64,50866.32,,,
reading,1770230433.100595,2026-02-04T10:40:33.100595,20.17,35.2,1011.56,46821.77,,,
reading,1770230434.1016924,2026-02-04T10:40:34.101692,20.08,37.32,1010.85,45844.8,,,
reading,1770230435.1029727,2026-02-04T10:40:35.102973,23.12,46.37,1017.18,45034.95,,,
reading,1770230436.1039877,2026-02-04T10:40:36.103988,20.17,53.98,1016.78,45057.86,,,
reading,1770230437.1046872,2026-02-04T10:40:37.104687,23.54,36.53,1009.31,47676.56,,,
reading,1770230438.1058712,2026-02-04T10:40:38.105871,22.03,38.3,1017.64,48708.1,,,
reading,1770230439.1068518,2026-02-04T10:40:39.106852,21.39,39.44,1011.38,39440.93,,,
reading,1770230440.1079452,2026-02-04T10:40:40.107945,21.91,44.27,1010.99,49706.17,,,
reading,1770230441.1092546,2026-02-04T10:40:41.109255,20.09,43.81,1011.25,48565.97,,,
reading,1770230442.1100428,2026-02-04T10:40:42.110043,20.48,53.96,1010.63,49869.39,,,
reading,1770230443.1107216,2026-02-04T10:40:43.110722,22.58,44.79,1017.93,48103.73,,,
reading,1770230444.11251,2026-02-04T10:40:44.112510,22.21,52.21,1012.14,47086.61,,,
reading,1770230445.1126144,2026-02-04T10:40:45.112614,23.45,39.78,1017.61,49251.62,,,
reading,1770230446.1131008,2026-02-04T10:40:46.113101,21.26,45.5,1012.11,52746.54,,,
reading,1770230447.1146145,2026-02-04T10:40:47.114614,23.78,39.39,1008.57,48593.44,,,
reading,1770230448.1135995,2026-02-04T10:40:48.113600,21.02,41.87,1012.75,49994.19,,,
reading,1770230449.1145437,2026-02-04T10:40:49.114544,23.97,52.43,1009.29,48836.57,,,
reading,1770230450.1157312,2026-02-04T10:40:50.115731,22.54,47.88,1009.03,53148.33,,,
reading,1770230451.1168735,2026-02-04T10:40:51.116874,22.43,47.16,1009.22,51211.27,,,
reading,1770230452.1182044,2026-02-04T10:40:52.118204,22.89,45.12,1015.87,49179.21,,,
reading,1770230453.1190748,2026-02-04T10:40:53.119075,21.96,51.9,1016.25,54823.78,,,
reading,1770230454.120721,2026-02-04T10:40:54.120721,21.97,44.34,1011.74,48431.06,,,
reading,1770230455.1216998,2026-02-04T10:40:55.121700,23.22,35.92,1018.07,49230.03,,,
reading,1770230456.1228702,2026-02-04T10:40:56.122870,22.0,44.14,1016.0,47282.3,,,
reading,1770230457.1236475,2026-02-04T10:40:57.123647,23.77,46.16,1015.57,52140.0,,,
reading,1770230458.124805,2026-02-04T10:40:58.124805,20.15,52.54,1010.95,48301.08,,,
reading,1770230459.1258316,2026-02-04T10:40:59.125832,22.68,48.03,1013.1,53873.65,,,
reading,1770230460.1270912,2026-02-04T10:41:00.127091,23.71,44.73,1017.04,47262.89,,,
reading,1770230461.12978,2026-02-04T10:41:01.129780,22.48,49.2,1016.39,47215.3,,,
reading,1770230462.129873,2026-02-04T10:41:02.129873,21.45,43.7,1015.23,48186.19,,,
reading,1770230463.1308513,2026-02-04T10:41:03.130851,21.21,54.24,1017.12,50248.81,,,
reading,1770230464.1317217,2026-02-04T10:41:04.131722,21.83,48.87,1017.18,50374.34,,,
reading,1770230465.1329255,2026-02-04T10:41:05.132926,20.29,41.83,1017.86,49360.4,,,
reading,1770230466.1338177,2026-02-04T10:41:06.133818,21.34,49.84,1018.19,45460.4,,,
reading,1770230467.1348753,2026-02-04T10:41:07.134875,22.23,49.38,1011.3,54769.04,,,
reading,1770230468.1358283,2026-02-04T10:41:08.135828,23.23,54.9,1008.56,47232.55,,,
reading,1770230469.1367743,2026-02-04T10:41:09.136774,22.22,48.95,1016.45,53132.43,,,
reading,1770230470.1378436,2026-02-04T10:41:10.137844,21.78,53.04,1011.34,52781.47,,,
reading,1770230471.1399653,2026-02-04T10:41:11.139965,20.8,43.91,1016.86,51571.08,,,
reading,1770230472.1413999,2026-02-04T10:41:12.141400,23.71,39.85,1010.29,45243.32,,,
reading,1770230473.142488,2026-02-04T10:41:13.142488,21.05,49.15,1011.13,54685.07,,,
reading,1770230474.144063,2026-02-04T10:41:14.144063,23.27,35.37,1010.86,47253.69,,,
reading,1770230475.1441765,2026-02-04T10:41:15.144176,23.85,42.7,1016.38,46961.25,,,
reading,1770230476.1454701,2026-02-04T10:41:16.145470,20.07,50.41,1015.62,54116.67,,,
reading,1770230477.1464539,2026-02-04T10:41:17.146454,20.8,51.12,1009.18,52976.21,,,
reading,1770230478.1474595,2026-02-04T10:41:18.147460,23.14,52.48,1009.77,45126.76,,,
reading,1770230479.1480868,2026-02-04T10:41:19.148087,22.03,43.94,1017.42,49338.37,,,
reading,1770230480.1491168,2026-02-04T10:41:20.149117,23.61,40.4,1010.01,54803.78,,,
reading,1770230481.1505158,2026-02-04T10:41:21.150516,23.11,44.37,1012.88,46912.06,,,
reading,1770230482.1518116,2026-02-04T10:41:22.151812,22.53,49.94,1008.31,47290.98,,,
reading,1770230483.1520002,2026-02-04T10:41:23.152000,20.36,51.27,1013.19,50056.13,,,
reading,1770230484.1528685,2026-02-04T10:41:24.152869,23.41,35.43,1012.13,52482.73,,,
reading,1770230485.1542537,2026-02-04T10:41:25.154254,21.86,40.39,1017.54,53086.6,,,
reading,1770230486.156099,2026-02-04T10:41:26.156099,21.01,39.11,1017.63,48822.8,,,
reading,1770230487.1572251,2026-02-04T10:41:27.157225,21.62,47.83,1015.32,45074.01,,,
reading,1770230488.15826,2026-02-04T10:41:28.158260,20.75,44.04,1013.99,54338.81,,,
reading,1770230489.1599047,2026-02-04T10:41:29.159905,22.24,50.14,1012.39,45825.78,,,
reading,1770230490.1615517,2026-02-04T10:41:30.161552,23.29,42.65,1016.61,52778.54,,,
reading,1770230491.1629717,2026-02-04T10:41:31.162972,23.04,53.09,1015.35,54213.61,,,
reading,1770230492.1630566,2026-02-04T10:41:32.163057,20.12,47.13,1016.4,45261.04,,,
reading,1770230493.164083,2026-02-04T10:41:33.164083,21.2,51.74,1011.69,54151.85,,,
reading,1770230494.1641293,2026-02-04T10:41:34.164129,20.93,52.77,1016.05,45398.33,,,
reading,1770230495.1650667,2026-02-04T10:41:35.165067,20.11,35.51,1010.08,52207.87,,,
reading,1770230496.165736,2026-02-04T10:41:36.165736,20.72,46.77,1012.82,54465.22,,,
reading,1770230497.1667576,2026-02-04T10:41:37.166758,21.54,50.56,1016.88,52741.11,,,
reading,1770230498.1679957,2026-02-04T10:41:38.167996,22.21,51.58,1016.58,54068.22,,,
reading,1770230499.168926,2026-02-04T10:41:39.168926,23.58,40.5,1013.36,45021.7,,,
reading,1770230500.1698527,2026-02-04T10:41:40.169853,21.63,42.92,1014.99,50929.6,,,
reading,1770230501.1709971,2026-02-04T10:41:41.170997,22.79,36.98,1013.56,51086.28,,,
reading,1770230502.172185,2026-02-04T10:41:42.172185,20.02,45.16,1014.11,53541.13,,,
reading,1770230503.1736834,2026-02-04T10:41:43.173683,20.74,52.38,1012.06,47093.93,,,
reading,1770230504.1754007,2026-02-04T10:41:44.175401,23.87,52.88,1018.05,52342.67,,,
reading,1770230505.176547,2026-02-04T10:41:45.176547,20.88,42.7,1010.6,47926.84,,,
reading,1770230506.1782317,2026-02-04T10:41:46.178232,21.77,44.11,1011.91,54459.67,,,
reading,1770230507.1795223,2026-02-04T10:41:47.179522,22.09,40.82,1017.21,51510.55,,,
reading,1770230508.179751,2026-02-04T10:41:48.179751,21.81,37.43,1011.95,46397.33,,,
reading,1770230509.1800554,2026-02-04T10:41:49.180055,23.63,40.16,1011.39,46503.98,,,
reading,1770230510.1806958,2026-02-04T10:41:50.180696,22.43,40.68,1009.9,49785.9,,,
reading,1770230511.181822,2026-02-04T10:41:51.181822,22.24,51.44,1016.74,52863.38,,,
reading,1770230512.1831484,2026-02-04T10:41:52.183148,23.02,37.6,1011.76,50237.86,,,
reading,1770230513.1839538,2026-02-04T10:41:53.183954,21.77,48.86,1011.15,54098.49,,,
reading,1770230514.1843,2026-02-04T10:41:54.184300,20.21,51.07,1011.87,53282.45,,,
reading,1770230515.1852367,2026-02-04T10:41:55.185237,20.03,49.88,1015.31,46851.58,,,
reading,1770230516.186109,2026-02-04T10:41:56.186109,21.86,49.88,1010.9,48562.95,,,
reading,1770230517.1874049,2026-02-04T10:41:57.187405,23.52,52.59,1013.72,52364.27,,,
reading,1770230518.1885765,2026-02-04T10:41:58.188576,23.72,43.61,1018.1,50811.99,,,
reading,1770230519.1902144,2026-02-04T10:41:59.190214,21.97,42.27,1014.12,46367.63,,,
reading,1770230520.1919186,2026-02-04T10:42:00.191919,21.48,46.68,1009.84,54688.67,,,
reading,1770230521.1937177,2026-02-04T10:42:01.193718,23.44,51.03,1010.11,54610.99,,,
reading,1770230522.1952024,2026-02-04T10:42:02.195202,20.84,37.47,1016.14,47444.29,,,
reading,1770230523.196248,2026-02-04T10:42:03.196248,22.94,44.63,1013.02,46537.64,,,
reading,1770230524.197113,2026-02-04T10:42:04.197113,23.52,42.08,1013.36,47562.12,,,
reading,1770230525.196623,2026-02-04T10:42:05.196623,21.32,40.3,1010.77,51838.85,,,
reading,1770230526.1974046,2026-02-04T10:42:06.197405,22.73,36.13,1018.0,45315.07,,,
reading,1770230527.1984568,2026-02-04T10:42:07.198457,21.7,46.15,1012.41,48125.12,,,
reading,1770230528.199521,2026-02-04T10:42:08.199521,23.62,50.84,1015.35,39591.48,,,
reading,1770230529.2007425,2026-02-04T10:42:09.200742,20.4,46.69,1011.32,47107.23,,,
reading,1770230530.2016714,2026-02-04T10:42:10.201671,23.11,44.1,1017.93,49154.31,,,
reading,1770230531.202389,2026-02-04T10:42:11.202389,21.15,40.17,1008.86,48527.81,,,
reading,1770230532.2032366,2026-02-04T10:42:12.203237,20.38,43.02,1013.01,49769.32,,,
reading,1770230533.2042181,2026-02-04T10:42:13.204218,23.22,45.59,1017.68,51884.09,,,
reading,1770230534.20552,2026-02-04T10:42:14.205520,21.18,44.05,1015.19,51097.53,,,
reading,1770230535.2067056,2026-02-04T10:42:15.206706,20.59,43.48,1018.22,50872.42,,,
reading,1770230536.2080112,2026-02-04T10:42:16.208011,22.38,41.21,1009.75,53593.99,,,
reading,1770230537.2083595,2026-02-04T10:42:17.208359,22.34,46.93,1017.34,50423.96,,,
reading,1770230538.2096236,2026-02-04T10:42:18.209624,23.96,53.72,1013.67,46214.73,,,
reading,1770230539.2107685,2026-02-04T10:42:19.210768,22.3,36.39,1013.65,46539.43,,,
reading,1770230540.2126276,2026-02-04T10:42:20.212628,23.7,35.44,1010.69,47111.48,,,
reading,1770230541.2138484,2026-02-04T10:42:21.213848,21.1,44.71,1008.72,52724.84,,,
reading,1770230542.213944,2026-02-04T10:42:22.213944,23.79,35.35,1013.43,52863.95,,,
reading,1770230543.2154245,2026-02-04T10:42:23.215425,22.72,43.08,1008.44,49731.37,,,
reading,1770230544.2151666,2026-02-04T10:42:24.215167,22.98,35.3,1008.85,48153.79,,,
reading,1770230545.215876,2026-02-04T10:42:25.215876,20.22,52.94,1016.75,49578.4,,,
reading,1770230546.2170184,2026-02-04T10:42:26.217018,23.52,52.14,1009.49,50519.48,,,
reading,1770230547.2183368,2026-02-04T10:42:27.218337,23.84,49.55,1014.5,52770.29,,,
reading,1770230548.219558,2026-02-04T10:42:28.219558,23.43,52.77,1010.88,54867.78,,,
reading,1770230549.2209702,2026-02-04T10:42:29.220970,23.61,44.51,1010.83,50975.85,,,
reading,1770230550.2221181,2026-02-04T10:42:30.222118,22.66,46.92,1013.95,54963.77,,,
reading,1770230551.224219,2026-02-04T10:42:31.224219,21.84,53.56,1014.16,49782.49,,,
reading,1770230552.2259986,2026-02-04T10:42:32.225999,20.77,51.99,1013.58,50007.19,,,
reading,1770230553.2274332,2026-02-04T10:42:33.227433,22.31,44.46,1009.9,48802.59,,,
reading,1770230554.2307909,2026-02-04T10:42:34.230791,22.32,47.14,1011.48,52474.47,,,
reading,1770230555.2303553,2026-02-04T10:42:35.230355,22.81,37.04,1010.12,54450.73,,,
reading,1770230556.2298746,2026-02-04T10:42:36.229875,20.66,45.64,1013.13,54332.47,,,
reading,1770230557.230398,2026-02-04T10:42:37.230398,20.54,38.86,1010.67,45317.99,,,
reading,1770230558.2319598,2026-02-04T10:42:38.231960,21.56,54.39,1016.91,50201.78,,,
reading,1770230559.2330852,2026-02-04T10:42:39.233085,22.64,41.08,1016.97,54885.67,,,
reading,1770230560.2340176,2026-02-04T10:42:40.234018,23.47,42.98,1013.73,46838.34,,,
reading,1770230561.2350078,2026-02-04T10:42:41.235008,22.87,38.11,1016.77,48071.49,,,
reading,1770230562.2358758,2026-02-04T10:42:42.235876,20.84,38.99,1014.6,51047.46,,,
reading,1770230563.2368803,2026-02-04T10:42:43.236880,21.87,44.79,1009.45,50689.91,,,
reading,1770230564.2384024,2026-02-04T10:42:44.238402,23.44,39.39,1017.85,47344.06,,,
reading,1770230565.241062,2026-02-04T10:42:45.241062,20.15,48.65,1009.06,48222.56,,,
reading,1770230566.2400715,2026-02-04T10:42:46.240072,21.64,45.71,1009.55,54848.71,,,
reading,1770230567.2404208,2026-02-04T10:42:47.240421,21.11,42.57,1015.73,51526.98,,,
reading,1770230568.241406,2026-02-04T10:42:48.241406,21.88,43.79,1011.37,47772.36,,,
reading,1770230569.242714,2026-02-04T10:42:49.242714,20.22,35.99,1010.0,48848.06,,,
reading,1770230570.244066,2026-02-04T10:42:50.244066,21.91,49.61,1013.17,48213.31,,,
reading,1770230571.2459168,2026-02-04T10:42:51.245917,21.51,49.58,1016.4,52210.53,,,
reading,1770230572.2470853,2026-02-04T10:42:52.247085,22.04,36.61,1013.37,51402.01,,,
reading,1770230573.2466156,2026-02-04T10:42:53.246616,22.2,47.72,1010.02,52428.51,,,
reading,1770230574.2480755,2026-02-04T10:42:54.248075,23.29,44.53,1016.66,34619.22,,,
reading,1770230575.2486434,2026-02-04T10:42:55.248643,20.15,43.74,1017.05,54141.98,,,
reading,1770230576.2498116,2026-02-04T10:42:56.249812,20.02,48.92,1016.86,46335.16,,,
reading,1770230577.2509916,2026-02-04T10:42:57.250992,20.79,45.93,1015.0,46328.2,,,
reading,1770230578.2520354,2026-02-04T10:42:58.252035,21.1,48.35,1011.54,52424.73,,,
reading,1770230579.252992,2026-02-04T10:42:59.252992,22.08,54.17,1014.26,52250.5,,,
reading,1770230580.2540777,2026-02-04T10:43:00.254078,21.68,41.91,1013.55,50184.74,,,
reading,1770230581.2554438,2026-02-04T10:43:01.255444,20.33,41.92,1013.48,45953.49,,,
reading,1770230582.2568033,2026-02-04T10:43:02.256803,23.89,50.97,1011.9,49101.73,,,
reading,1770230583.2583704,2026-02-04T10:43:03.258370,23.26,43.13,1016.89,51495.69,,,
reading,1770230584.2601273,2026-02-04T10:43:04.260127,21.02,54.13,1011.21,47442.57,,,
reading,1770230585.262513,2026-02-04T10:43:05.262513,20.43,39.62,1010.47,46954.73,,,
reading,1770230586.263801,2026-02-04T10:43:06.263801,22.65,52.84,1015.31,25504.91,,,
reading,1770230587.2630942,2026-02-04T10:43:07.263094,20.19,44.96,1012.25,54592.49,,,
reading,1770230588.263979,2026-02-04T10:43:08.263979,20.9,46.62,1014.67,51899.62,,,
reading,1770230589.265,2026-02-04T10:43:09.265000,23.48,47.26,1009.27,50520.06,,,
reading,1770230590.2661078,2026-02-04T10:43:10.266108,21.42,47.31,1015.07,54934.4,,,
reading,1770230591.2672324,2026-02-04T10:43:11.267232,21.01,38.19,1012.07,53392.99,,,
reading,1770230592.2687263,2026-02-04T10:43:12.268726,22.67,50.62,1016.7,51127.91,,,
reading,1770230593.2696002,2026-02-04T10:43:13.269600,20.72,49.12,1014.83,54199.99,,,
reading,1770230594.2711272,2026-02-04T10:43:14.271127,20.71,41.42,1017.18,48360.63,,,
reading,1770230595.2727787,2026-02-04T10:43:15.272779,21.71,47.84,1013.74,45125.46,,,
reading,1770230596.27457,2026-02-04T10:43:16.274570,23.61,43.99,1014.38,45735.08,,,
reading,1770230597.2764487,2026-02-04T10:43:17.276449,23.68,46.55,1012.23,51010.73,,,
reading,1770230598.27753,2026-02-04T10:43:18.277530,23.8,38.2,1015.82,50759.15,,,
reading,1770230599.2801406,2026-02-04T10:43:19.280141,22.14,52.12,1016.66,50368.65,,,
reading,1770230600.2805815,2026-02-04T10:43:20.280581,20.73,39.7,1011.58,54960.33,,,
reading,1770230601.2809613,2026-02-04T10:43:21.280961,20.31,45.49,1008.41,50834.84,,,
reading,1770230602.281634,2026-02-04T10:43:22.281634,20.05,48.88,1009.81,51332.57,,,
reading,1770230603.2826633,2026-02-04T10:43:23.282663,21.2,41.65,1017.69,49869.29,,,
reading,1770230604.2834547,2026-02-04T10:43:24.283455,22.53,41.14,1012.64,46183.16,,,
reading,1770230605.2845259,2026-02-04T10:43:25.284526,20.5,43.26,1009.51,47891.85,,,
reading,1770230606.2857409,2026-02-04T10:43:26.285741,21.72,42.63,1014.56,46224.46,,,
reading,1770230607.2863433,2026-02-04T10:43:27.286343,22.09,41.33,1014.03,48640.02,,,
reading,1770230608.2873433,2026-02-04T10:43:28.287343,20.88,35.66,1011.85,53580.55,,,
reading,1770230609.288828,2026-02-04T10:43:29.288828,23.91,36.99,1017.92,49914.92,,,
reading,1770230610.2905116,2026-02-04T10:43:30.290512,23.62,53.88,1009.32,46397.8,,,
reading,1770230611.2920308,2026-02-04T10:43:31.292031,21.82,48.81,1009.88,54158.27,,,
reading,1770230612.293386,2026-02-04T10:43:32.293386,21.03,42.82,1016.91,48344.73,,,
reading,1770230613.29443,2026-02-04T10:43:33.294430,21.87,42.71,1010.4,48616.83,,,
reading,1770230614.2959483,2026-02-04T10:43:34.295948,22.87,36.68,1017.24,17081.69,,,
reading,1770230615.2969158,2026-02-04T10:43:35.296916,21.14,35.46,1009.47,49102.53,,,
reading,1770230616.2974858,2026-02-04T10:43:36.297486,21.61,45.86,1016.98,47239.37,,,
reading,1770230617.2984219,2026-02-04T10:43:37.298422,20.84,36.08,1016.88,49439.6,,,
reading,1770230618.299215,2026-02-04T10:43:38.299215,20.16,40.35,1017.98,30388.42,,,
event,1770230618.299215,2026-02-04T10:43:38.299215,20.16,40.35,,30388.42,FOOD_STRONG,LOW,0.888
reading,1770230619.3007557,2026-02-04T10:43:39.300756,23.77,44.68,1013.97,46309.44,,,
reading,1770230620.301822,2026-02-04T10:43:40.301822,22.01,47.75,1014.41,50976.33,,,
reading,1770230621.3027627,2026-02-04T10:43:41.302763,22.95,49.22,1015.01,45846.07,,,
reading,1770230622.3034585,2026-02-04T10:43:42.303458,21.22,36.58,1010.04,53282.12,,,
reading,1770230623.3042805,2026-02-04T10:43:43.304281,23.62,54.84,1017.98,45183.61,,,
reading,1770230624.3049645,2026-02-04T10:43:44.304965,22.21,46.66,1013.76,50817.98,,,
reading,1770230625.306469,2026-02-04T10:43:45.306469,23.41,38.81,1010.44,52927.58,,,
reading,1770230626.308744,2026-02-04T10:43:46.308744,20.29,50.26,1017.4,53947.65,,,
reading,1770230627.310055,2026-02-04T10:43:47.310055,21.73,44.14,1016.1,47485.52,,,
reading,1770230628.3107643,2026-02-04T10:43:48.310764,22.23,53.24,1016.76,53702.26,,,
reading,1770230629.3126395,2026-02-04T10:43:49.312639,23.02,41.1,1010.71,53095.35,,,
reading,1770230630.3126557,2026-02-04T10:43:50.312656,22.94,41.99,1012.76,52017.74,,,
reading,1770230631.3137164,2026-02-04T10:43:51.313716,21.06,46.18,1014.33,48429.89,,,
reading,1770230632.3140457,2026-02-04T10:43:52.314046,23.68,46.93,1011.3,54609.42,,,
reading,1770230633.3156102,2026-02-04T10:43:53.315610,22.12,47.78,1016.12,47608.61,,,
reading,1770230634.3166208,2026-02-04T10:43:54.316621,20.3,51.02,1008.82,45270.54,,,
reading,1770230635.3176441,2026-02-04T10:43:55.317644,21.6,40.46,1015.64,50467.97,,,
reading,1770230636.3191183,2026-02-04T10:43:56.319118,20.28,47.35,1016.76,45735.2,,,
reading,1770230637.3205647,2026-02-04T10:43:57.320565,22.73,36.85,1013.14,48096.52,,,
reading,1770230638.3216352,2026-02-04T10:43:58.321635,21.44,42.91,1012.83,52800.74,,,
reading,1770230639.3230455,2026-02-04T10:43:59.323045,21.35,48.16,1010.13,46944.65,,,
reading,1770230640.3237336,2026-02-04T10:44:00.323734,23.81,44.99,1012.76,50449.13,,,
reading,1770230641.3250885,2026-02-04T10:44:01.325089,20.38,46.52,1016.25,48535.55,,,
reading,1770230642.326932,2026-02-04T10:44:02.326932,20.15,53.2,1017.79,53554.37,,,
reading,1770230643.3288739,2026-02-04T10:44:03.328874,20.32,43.89,1017.37,48732.67,,,
reading,1770230644.3286147,2026-02-04T10:44:04.328615,20.28,52.71,1012.35,48315.86,,,
reading,1770230645.3301985,2026-02-04T10:44:05.330199,22.76,36.07,1015.2,48375.51,,,
reading,1770230646.330224,2026-02-04T10:44:06.330224,20.78,36.43,1008.95,54879.16,,,
reading,1770230647.3305898,2026-02-04T10:44:07.330590,21.33,44.7,1013.43,48819.86,,,
reading,1770230648.3320482,2026-02-04T10:44:08.332048,22.36,43.33,1010.96,48888.41,,,
reading,1770230649.3322923,2026-02-04T10:44:09.332292,20.97,50.31,1016.43,48087.09,,,
reading,1770230650.333594,2026-02-04T10:44:10.333594,22.0,50.34,1009.06,48333.23,,,
reading,1770230651.3341334,2026-02-04T10:44:11.334133,23.12,43.86,1016.6,49343.56,,,
reading,1770230652.3350146,2026-02-04T10:44:12.335015,21.79,45.49,1012.83,49190.46,,,
reading,1770230653.3361416,2026-02-04T10:44:13.336142,21.97,53.55,1011.19,47139.11,,,
reading,1770230654.337039,2026-02-04T10:44:14.337039,23.78,37.01,1015.99,49933.97,,,
reading,1770230655.3378887,2026-02-04T10:44:15.337889,22.34,35.14,1010.17,53900.52,,,
reading,1770230656.3390331,2026-02-04T10:44:16.339033,21.15,42.96,1013.93,52583.47,,,
reading,1770230657.3400521,2026-02-04T10:44:17.340052,22.21,39.05,1008.8,53765.45,,,
